O*NET-SOC Code,Title,Modified BLS Super Sector
11-1011.00,Chief Executives,MANAGEMENT
11-1011.03,Chief Sustainability Officers,MANAGEMENT
11-1021.00,General and Operations Managers,MANAGEMENT
11-2011.00,Advertising and Promotions Managers,MEDIA_AND_COMMUNICATIONS_SERVICES
11-2021.00,Marketing Managers,MEDIA_AND_COMMUNICATIONS_SERVICES
11-2022.00,Sales Managers,RETAIL_TRADE
11-3012.00,Administrative Services Managers,ADMINISTRATIVE_SUPPORT_WASTE_SERVICES
11-3013.00,Facilities Managers,ADMINISTRATIVE_SUPPORT_WASTE_SERVICES
11-3021.00,Computer and Information Systems Managers,TECHNOLOGY_AND_SOFTWARE_DEVELOPMENT
11-3031.00,Financial Managers,FINANCE_AND_INSURANCE
11-3031.01,Treasurers and Controllers,FINANCE_AND_INSURANCE
11-3031.03,Investment Fund Managers,FINANCE_AND_INSURANCE
11-3051.00,Industrial Production Managers,MANUFACTURING
11-3051.01,Quality Control Systems Managers,MANUFACTURING
11-3051.02,Geothermal Production Managers,ENERGY
11-3051.03,Biofuels Production Managers,ENERGY
11-3051.04,Biomass Power Plant Managers,ENERGY
11-3051.06,Hydroelectric Production Managers,ENERGY
11-3061.00,Purchasing Managers,MANAGEMENT
11-3071.00,"Transportation, Storage, and Distribution Managers",PACKAGING_AND_GOODS_TRANSPORTATION
11-3071.04,Supply Chain Managers,PACKAGING_AND_GOODS_TRANSPORTATION
11-3111.00,Compensation and Benefits Managers,FINANCE_AND_INSURANCE
11-3121.00,Human Resources Managers,ADMINISTRATIVE_SUPPORT_WASTE_SERVICES
11-3131.00,Training and Development Managers,EDUCATIONAL_SERVICES
11-9013.00,"Farmers, Ranchers, and Other Agricultural Managers",AGRICULTURE_FORESTRY_FISHING_HUNTING
11-9021.00,Construction Managers,CONSTRUCTION
11-9031.00,"Education and Childcare Administrators, Preschool and Daycare",EDUCATIONAL_SERVICES
11-9032.00,"Education Administrators, Kindergarten through Secondary",EDUCATIONAL_SERVICES
11-9033.00,"Education Administrators, Postsecondary",EDUCATIONAL_SERVICES
11-9041.00,Architectural and Engineering Managers,ARCHITECTURAL_ENGINEERING_SERVICES
11-9041.01,Biofuels/Biodiesel Technology and Product Development Managers,ENERGY
11-9051.00,Food Service Managers,TRAVEL_AND_ENTERTAINMENT_SERVICES
11-9071.00,Gambling Managers,TRAVEL_AND_ENTERTAINMENT_SERVICES
11-9081.00,Lodging Managers,TRAVEL_AND_ENTERTAINMENT_SERVICES
11-9111.00,Medical and Health Services Managers,HEALTHCARE
11-9121.00,Natural Sciences Managers,SCIENTIFIC_RESEARCH_AND_DEVELOPMENT
11-9121.01,Clinical Research Coordinators,HEALTHCARE
11-9121.02,Water Resource Specialists,SCIENTIFIC_RESEARCH_AND_DEVELOPMENT
11-9131.00,Postmasters and Mail Superintendents,GOVERNMENT
11-9141.00,"Property, Real Estate, and Community Association Managers",REAL_ESTATE_RENTAL_LEASING
11-9151.00,Social and Community Service Managers,HEALTHCARE
11-9161.00,Emergency Management Directors,GOVERNMENT
11-9171.00,Funeral Home Managers,ADMINISTRATIVE_SUPPORT_WASTE_SERVICES
11-9179.01,Fitness and Wellness Coordinators,TRAVEL_AND_ENTERTAINMENT_SERVICES
11-9179.02,Spa Managers,TRAVEL_AND_ENTERTAINMENT_SERVICES
11-9199.01,Regulatory Affairs Managers,MANAGEMENT_CONSULTING_SERVICES
11-9199.02,Compliance Managers,MANAGEMENT_CONSULTING_SERVICES
11-9199.08,Loss Prevention Managers,RETAIL_TRADE
11-9199.09,Wind Energy Operations Managers,ENERGY
11-9199.10,Wind Energy Development Managers,ENERGY
11-9199.11,Brownfield Redevelopment Specialists and Site Managers,MANAGEMENT_CONSULTING_SERVICES
13-1011.00,"Agents and Business Managers of Artists, Performers, and Athletes",TRAVEL_AND_ENTERTAINMENT_SERVICES
13-1021.00,"Buyers and Purchasing Agents, Farm Products",AGRICULTURE_FORESTRY_FISHING_HUNTING
13-1022.00,"Wholesale and Retail Buyers, Except Farm Products",RETAIL_TRADE
13-1023.00,"Purchasing Agents, Except Wholesale, Retail, and Farm Products",ADMINISTRATIVE_SUPPORT_WASTE_SERVICES
13-1031.00,"Claims Adjusters, Examiners, and Investigators",FINANCE_AND_INSURANCE
13-1032.00,"Insurance Appraisers, Auto Damage",FINANCE_AND_INSURANCE
13-1041.00,Compliance Officers,MANAGEMENT_CONSULTING_SERVICES
13-1041.01,Environmental Compliance Inspectors,GOVERNMENT
13-1041.03,Equal Opportunity Representatives and Officers,GOVERNMENT
13-1041.04,Government Property Inspectors and Investigators,GOVERNMENT
13-1041.06,Coroners,GOVERNMENT
13-1041.07,Regulatory Affairs Specialists,MANAGEMENT_CONSULTING_SERVICES
13-1041.08,Customs Brokers,PACKAGING_AND_GOODS_TRANSPORTATION
13-1051.00,Cost Estimators,ARCHITECTURAL_ENGINEERING_SERVICES
13-1071.00,Human Resources Specialists,ADMINISTRATIVE_SUPPORT_WASTE_SERVICES
13-1074.00,Farm Labor Contractors,AGRICULTURE_FORESTRY_FISHING_HUNTING
13-1075.00,Labor Relations Specialists,MANAGEMENT_CONSULTING_SERVICES
13-1081.00,Logisticians,PACKAGING_AND_GOODS_TRANSPORTATION
13-1081.01,Logistics Engineers,PACKAGING_AND_GOODS_TRANSPORTATION
13-1081.02,Logistics Analysts,PACKAGING_AND_GOODS_TRANSPORTATION
13-1111.00,Management Analysts,MANAGEMENT_CONSULTING_SERVICES
13-1121.00,"Meeting, Convention, and Event Planners",TRAVEL_AND_ENTERTAINMENT_SERVICES
13-1131.00,Fundraisers,MANAGEMENT_CONSULTING_SERVICES
13-1141.00,"Compensation, Benefits, and Job Analysis Specialists",FINANCE_AND_INSURANCE
13-1151.00,Training and Development Specialists,EDUCATIONAL_SERVICES
13-1161.00,Market Research Analysts and Marketing Specialists,MEDIA_AND_COMMUNICATIONS_SERVICES
13-1161.01,Search Marketing Strategists,MEDIA_AND_COMMUNICATIONS_SERVICES
13-1199.04,Business Continuity Planners,MANAGEMENT_CONSULTING_SERVICES
13-1199.05,Sustainability Specialists,MANAGEMENT_CONSULTING_SERVICES
13-1199.06,Online Merchants,RETAIL_TRADE
13-2011.00,Accountants and Auditors,FINANCE_AND_INSURANCE
13-2023.00,Appraisers and Assessors of Real Estate,REAL_ESTATE_RENTAL_LEASING
13-2031.00,Budget Analysts,FINANCE_AND_INSURANCE
13-2041.00,Credit Analysts,FINANCE_AND_INSURANCE
13-2052.00,Personal Financial Advisors,FINANCE_AND_INSURANCE
13-2053.00,Insurance Underwriters,FINANCE_AND_INSURANCE
13-2061.00,Financial Examiners,FINANCE_AND_INSURANCE
13-2071.00,Credit Counselors,FINANCE_AND_INSURANCE
13-2072.00,Loan Officers,FINANCE_AND_INSURANCE
13-2081.00,"Tax Examiners and Collectors, and Revenue Agents",GOVERNMENT
13-2082.00,Tax Preparers,FINANCE_AND_INSURANCE
13-2099.01,Financial Quantitative Analysts,FINANCE_AND_INSURANCE
13-2099.04,"Fraud Examiners, Investigators and Analysts",FINANCE_AND_INSURANCE
15-1211.00,Computer Systems Analysts,TECHNOLOGY_AND_SOFTWARE_DEVELOPMENT
15-1211.01,Health Informatics Specialists,HEALTHCARE
15-1212.00,Information Security Analysts,TECHNOLOGY_AND_SOFTWARE_DEVELOPMENT
15-1221.00,Computer and Information Research Scientists,SCIENTIFIC_RESEARCH_AND_DEVELOPMENT
15-1231.00,Computer Network Support Specialists,TECHNOLOGY_AND_SOFTWARE_DEVELOPMENT
15-1232.00,Computer User Support Specialists,TECHNOLOGY_AND_SOFTWARE_DEVELOPMENT
15-1241.00,Computer Network Architects,TECHNOLOGY_AND_SOFTWARE_DEVELOPMENT
15-1241.01,Telecommunications Engineering Specialists,MEDIA_AND_COMMUNICATIONS_SERVICES
15-1242.00,Database Administrators,TECHNOLOGY_AND_SOFTWARE_DEVELOPMENT
15-1243.00,Database Architects,TECHNOLOGY_AND_SOFTWARE_DEVELOPMENT
15-1243.01,Data Warehousing Specialists,TECHNOLOGY_AND_SOFTWARE_DEVELOPMENT
15-1244.00,Network and Computer Systems Administrators,TECHNOLOGY_AND_SOFTWARE_DEVELOPMENT
15-1251.00,Computer Programmers,TECHNOLOGY_AND_SOFTWARE_DEVELOPMENT
15-1253.00,Software Quality Assurance Analysts and Testers,TECHNOLOGY_AND_SOFTWARE_DEVELOPMENT
15-1254.00,Web Developers,TECHNOLOGY_AND_SOFTWARE_DEVELOPMENT
15-1255.01,Video Game Designers,TECHNOLOGY_AND_SOFTWARE_DEVELOPMENT
15-1299.01,Web Administrators,TECHNOLOGY_AND_SOFTWARE_DEVELOPMENT
15-1299.02,Geographic Information Systems Technologists and Technicians,TECHNOLOGY_AND_SOFTWARE_DEVELOPMENT
15-1299.03,Document Management Specialists,ADMINISTRATIVE_SUPPORT_WASTE_SERVICES
15-1299.08,Computer Systems Engineers/Architects,TECHNOLOGY_AND_SOFTWARE_DEVELOPMENT
15-1299.09,Information Technology Project Managers,TECHNOLOGY_AND_SOFTWARE_DEVELOPMENT
15-2011.00,Actuaries,FINANCE_AND_INSURANCE
15-2021.00,Mathematicians,SCIENTIFIC_RESEARCH_AND_DEVELOPMENT
15-2031.00,Operations Research Analysts,MANAGEMENT_CONSULTING_SERVICES
15-2041.00,Statisticians,SCIENTIFIC_RESEARCH_AND_DEVELOPMENT
15-2041.01,Biostatisticians,SCIENTIFIC_RESEARCH_AND_DEVELOPMENT
15-2051.01,Business Intelligence Analysts,TECHNOLOGY_AND_SOFTWARE_DEVELOPMENT
15-2051.02,Clinical Data Managers,HEALTHCARE
15-2099.01,Bioinformatics Technicians,SCIENTIFIC_RESEARCH_AND_DEVELOPMENT
17-1011.00,"Architects, Except Landscape and Naval",ARCHITECTURAL_ENGINEERING_SERVICES
17-1012.00,Landscape Architects,ARCHITECTURAL_ENGINEERING_SERVICES
17-1021.00,Cartographers and Photogrammetrists,ARCHITECTURAL_ENGINEERING_SERVICES
17-1022.00,Surveyors,ARCHITECTURAL_ENGINEERING_SERVICES
17-1022.01,Geodetic Surveyors,ARCHITECTURAL_ENGINEERING_SERVICES
17-2011.00,Aerospace Engineers,MANUFACTURING
17-2021.00,Agricultural Engineers,AGRICULTURE_FORESTRY_FISHING_HUNTING
17-2031.00,Bioengineers and Biomedical Engineers,SCIENTIFIC_RESEARCH_AND_DEVELOPMENT
17-2041.00,Chemical Engineers,MANUFACTURING
17-2051.00,Civil Engineers,ARCHITECTURAL_ENGINEERING_SERVICES
17-2051.01,Transportation Engineers,ARCHITECTURAL_ENGINEERING_SERVICES
17-2051.02,Water/Wastewater Engineers,ARCHITECTURAL_ENGINEERING_SERVICES
17-2061.00,Computer Hardware Engineers,TECHNOLOGY_AND_SOFTWARE_DEVELOPMENT
17-2071.00,Electrical Engineers,ARCHITECTURAL_ENGINEERING_SERVICES
17-2072.00,"Electronics Engineers, Except Computer",MANUFACTURING
17-2072.01,Radio Frequency Identification Device Specialists,TECHNOLOGY_AND_SOFTWARE_DEVELOPMENT
17-2081.00,Environmental Engineers,ARCHITECTURAL_ENGINEERING_SERVICES
17-2111.00,"Health and Safety Engineers, Except Mining Safety Engineers and Inspectors",ARCHITECTURAL_ENGINEERING_SERVICES
17-2111.02,Fire-Prevention and Protection Engineers,ARCHITECTURAL_ENGINEERING_SERVICES
17-2112.00,Industrial Engineers,MANUFACTURING
17-2112.01,Human Factors Engineers and Ergonomists,ARCHITECTURAL_ENGINEERING_SERVICES
17-2112.02,Validation Engineers,MANUFACTURING
17-2112.03,Manufacturing Engineers,MANUFACTURING
17-2121.00,Marine Engineers and Naval Architects,ARCHITECTURAL_ENGINEERING_SERVICES
17-2131.00,Materials Engineers,MANUFACTURING
17-2141.00,Mechanical Engineers,MANUFACTURING
17-2141.01,Fuel Cell Engineers,ENERGY
17-2141.02,Automotive Engineers,MANUFACTURING
17-2151.00,"Mining and Geological Engineers, Including Mining Safety Engineers",MINING_OIL_GAS_EXTRACTION
17-2161.00,Nuclear Engineers,ENERGY
17-2171.00,Petroleum Engineers,MINING_OIL_GAS_EXTRACTION
17-2199.03,"Energy Engineers, Except Wind and Solar",ENERGY
17-2199.05,Mechatronics Engineers,MANUFACTURING
17-2199.06,Microsystems Engineers,MANUFACTURING
17-2199.07,Photonics Engineers,MANUFACTURING
17-2199.08,Robotics Engineers,MANUFACTURING
17-2199.09,Nanosystems Engineers,SCIENTIFIC_RESEARCH_AND_DEVELOPMENT
17-2199.10,Wind Energy Engineers,ENERGY
17-2199.11,Solar Energy Systems Engineers,ENERGY
17-3011.00,Architectural and Civil Drafters,ARCHITECTURAL_ENGINEERING_SERVICES
17-3012.00,Electrical and Electronics Drafters,ARCHITECTURAL_ENGINEERING_SERVICES
17-3013.00,Mechanical Drafters,ARCHITECTURAL_ENGINEERING_SERVICES
17-3021.00,Aerospace Engineering and Operations Technologists and Technicians,MANUFACTURING
17-3022.00,Civil Engineering Technologists and Technicians,ARCHITECTURAL_ENGINEERING_SERVICES
17-3023.00,Electrical and Electronic Engineering Technologists and Technicians,MANUFACTURING
17-3024.00,Electro-Mechanical and Mechatronics Technologists and Technicians,MANUFACTURING
17-3024.01,Robotics Technicians,MANUFACTURING
17-3025.00,Environmental Engineering Technologists and Technicians,ARCHITECTURAL_ENGINEERING_SERVICES
17-3026.00,Industrial Engineering Technologists and Technicians,MANUFACTURING
17-3026.01,Nanotechnology Engineering Technologists and Technicians,SCIENTIFIC_RESEARCH_AND_DEVELOPMENT
17-3027.00,Mechanical Engineering Technologists and Technicians,MANUFACTURING
17-3027.01,Automotive Engineering Technicians,MANUFACTURING
17-3029.01,Non-Destructive Testing Specialists,MANUFACTURING
17-3029.08,Photonics Technicians,MANUFACTURING
17-3031.00,Surveying and Mapping Technicians,ARCHITECTURAL_ENGINEERING_SERVICES
19-1011.00,Animal Scientists,AGRICULTURE_FORESTRY_FISHING_HUNTING
19-1012.00,Food Scientists and Technologists,SCIENTIFIC_RESEARCH_AND_DEVELOPMENT
19-1013.00,Soil and Plant Scientists,SCIENTIFIC_RESEARCH_AND_DEVELOPMENT
19-1021.00,Biochemists and Biophysicists,SCIENTIFIC_RESEARCH_AND_DEVELOPMENT
19-1022.00,Microbiologists,SCIENTIFIC_RESEARCH_AND_DEVELOPMENT
19-1023.00,Zoologists and Wildlife Biologists,SCIENTIFIC_RESEARCH_AND_DEVELOPMENT
19-1029.01,Bioinformatics Scientists,SCIENTIFIC_RESEARCH_AND_DEVELOPMENT
19-1029.02,Molecular and Cellular Biologists,SCIENTIFIC_RESEARCH_AND_DEVELOPMENT
19-1029.03,Geneticists,SCIENTIFIC_RESEARCH_AND_DEVELOPMENT
19-1029.04,Biologists,SCIENTIFIC_RESEARCH_AND_DEVELOPMENT
19-1031.00,Conservation Scientists,SCIENTIFIC_RESEARCH_AND_DEVELOPMENT
19-1031.02,Range Managers,AGRICULTURE_FORESTRY_FISHING_HUNTING
19-1031.03,Park Naturalists,TRAVEL_AND_ENTERTAINMENT_SERVICES
19-1032.00,Foresters,AGRICULTURE_FORESTRY_FISHING_HUNTING
19-1041.00,Epidemiologists,HEALTHCARE
19-1042.00,"Medical Scientists, Except Epidemiologists",SCIENTIFIC_RESEARCH_AND_DEVELOPMENT
19-2011.00,Astronomers,SCIENTIFIC_RESEARCH_AND_DEVELOPMENT
19-2012.00,Physicists,SCIENTIFIC_RESEARCH_AND_DEVELOPMENT
19-2021.00,Atmospheric and Space Scientists,SCIENTIFIC_RESEARCH_AND_DEVELOPMENT
19-2031.00,Chemists,SCIENTIFIC_RESEARCH_AND_DEVELOPMENT
19-2032.00,Materials Scientists,SCIENTIFIC_RESEARCH_AND_DEVELOPMENT
19-2041.00,"Environmental Scientists and Specialists, Including Health",SCIENTIFIC_RESEARCH_AND_DEVELOPMENT
19-2041.01,Climate Change Policy Analysts,SCIENTIFIC_RESEARCH_AND_DEVELOPMENT
19-2041.02,Environmental Restoration Planners,SCIENTIFIC_RESEARCH_AND_DEVELOPMENT
19-2041.03,Industrial Ecologists,SCIENTIFIC_RESEARCH_AND_DEVELOPMENT
19-2042.00,"Geoscientists, Except Hydrologists and Geographers",SCIENTIFIC_RESEARCH_AND_DEVELOPMENT
19-2043.00,Hydrologists,SCIENTIFIC_RESEARCH_AND_DEVELOPMENT
19-2099.01,Remote Sensing Scientists and Technologists,SCIENTIFIC_RESEARCH_AND_DEVELOPMENT
19-3011.00,Economists,SCIENTIFIC_RESEARCH_AND_DEVELOPMENT
19-3011.01,Environmental Economists,SCIENTIFIC_RESEARCH_AND_DEVELOPMENT
19-3022.00,Survey Researchers,SCIENTIFIC_RESEARCH_AND_DEVELOPMENT
19-3032.00,Industrial-Organizational Psychologists,MANAGEMENT_CONSULTING_SERVICES
19-3033.00,Clinical and Counseling Psychologists,HEALTHCARE
19-3034.00,School Psychologists,EDUCATIONAL_SERVICES
19-3039.02,Neuropsychologists,HEALTHCARE
19-3039.03,Clinical Neuropsychologists,HEALTHCARE
19-3041.00,Sociologists,SCIENTIFIC_RESEARCH_AND_DEVELOPMENT
19-3051.00,Urban and Regional Planners,ARCHITECTURAL_ENGINEERING_SERVICES
19-3091.00,Anthropologists and Archeologists,SCIENTIFIC_RESEARCH_AND_DEVELOPMENT
19-3092.00,Geographers,SCIENTIFIC_RESEARCH_AND_DEVELOPMENT
19-3093.00,Historians,EDUCATIONAL_SERVICES
19-3094.00,Political Scientists,SCIENTIFIC_RESEARCH_AND_DEVELOPMENT
19-3099.01,Transportation Planners,PACKAGING_AND_GOODS_TRANSPORTATION
19-4012.00,Agricultural Technicians,AGRICULTURE_FORESTRY_FISHING_HUNTING
19-4012.01,Precision Agriculture Technicians,AGRICULTURE_FORESTRY_FISHING_HUNTING
19-4013.00,Food Science Technicians,MANUFACTURING
19-4021.00,Biological Technicians,SCIENTIFIC_RESEARCH_AND_DEVELOPMENT
19-4031.00,Chemical Technicians,MANUFACTURING
19-4042.00,"Environmental Science and Protection Technicians, Including Health",SCIENTIFIC_RESEARCH_AND_DEVELOPMENT
19-4043.00,"Geological Technicians, Except Hydrologic Technicians",MINING_OIL_GAS_EXTRACTION
19-4051.00,Nuclear Technicians,ENERGY
19-4051.02,Nuclear Monitoring Technicians,ENERGY
19-4061.00,Social Science Research Assistants,SCIENTIFIC_RESEARCH_AND_DEVELOPMENT
19-4071.00,Forest and Conservation Technicians,AGRICULTURE_FORESTRY_FISHING_HUNTING
19-4092.00,Forensic Science Technicians,SCIENTIFIC_RESEARCH_AND_DEVELOPMENT
19-4099.01,Quality Control Analysts,MANUFACTURING
19-4099.03,Remote Sensing Technicians,SCIENTIFIC_RESEARCH_AND_DEVELOPMENT
19-5011.00,Occupational Health and Safety Specialists,MANAGEMENT_CONSULTING_SERVICES
19-5012.00,Occupational Health and Safety Technicians,ADMINISTRATIVE_SUPPORT_WASTE_SERVICES
21-1011.00,Substance Abuse and Behavioral Disorder Counselors,HEALTHCARE
21-1012.00,"Educational, Guidance, and Career Counselors and Advisors",EDUCATIONAL_SERVICES
21-1013.00,Marriage and Family Therapists,HEALTHCARE
21-1014.00,Mental Health Counselors,HEALTHCARE
21-1015.00,Rehabilitation Counselors,HEALTHCARE
21-1021.00,"Child, Family, and School Social Workers",HEALTHCARE
21-1022.00,Healthcare Social Workers,HEALTHCARE
21-1023.00,Mental Health and Substance Abuse Social Workers,HEALTHCARE
21-1091.00,Health Education Specialists,HEALTHCARE
21-1092.00,Probation Officers and Correctional Treatment Specialists,GOVERNMENT
21-1093.00,Social and Human Service Assistants,HEALTHCARE
21-1094.00,Community Health Workers,HEALTHCARE
21-2011.00,Clergy,SPECIAL_INDUSTRIES
21-2021.00,"Directors, Religious Activities and Education",EDUCATIONAL_SERVICES
23-1011.00,Lawyers,LEGAL_SERVICES
23-1012.00,Judicial Law Clerks,LEGAL_SERVICES
23-1021.00,"Administrative Law Judges, Adjudicators, and Hearing Officers",LEGAL_SERVICES
23-1022.00,"Arbitrators, Mediators, and Conciliators",LEGAL_SERVICES
23-1023.00,"Judges, Magistrate Judges, and Magistrates",LEGAL_SERVICES
23-2011.00,Paralegals and Legal Assistants,LEGAL_SERVICES
23-2093.00,"Title Examiners, Abstractors, and Searchers",REAL_ESTATE_RENTAL_LEASING
25-1011.00,"Business Teachers, Postsecondary",EDUCATIONAL_SERVICES
25-1021.00,"Computer Science Teachers, Postsecondary",EDUCATIONAL_SERVICES
25-1022.00,"Mathematical Science Teachers, Postsecondary",EDUCATIONAL_SERVICES
25-1031.00,"Architecture Teachers, Postsecondary",EDUCATIONAL_SERVICES
25-1032.00,"Engineering Teachers, Postsecondary",EDUCATIONAL_SERVICES
25-1041.00,"Agricultural Sciences Teachers, Postsecondary",EDUCATIONAL_SERVICES
25-1042.00,"Biological Science Teachers, Postsecondary",EDUCATIONAL_SERVICES
25-1043.00,"Forestry and Conservation Science Teachers, Postsecondary",EDUCATIONAL_SERVICES
25-1051.00,"Atmospheric, Earth, Marine, and Space Sciences Teachers, Postsecondary",EDUCATIONAL_SERVICES
25-1052.00,"Chemistry Teachers, Postsecondary",EDUCATIONAL_SERVICES
25-1053.00,"Environmental Science Teachers, Postsecondary",EDUCATIONAL_SERVICES
25-1054.00,"Physics Teachers, Postsecondary",EDUCATIONAL_SERVICES
25-1061.00,"Anthropology and Archeology Teachers, Postsecondary",EDUCATIONAL_SERVICES
25-1062.00,"Area, Ethnic, and Cultural Studies Teachers, Postsecondary",EDUCATIONAL_SERVICES
25-1063.00,"Economics Teachers, Postsecondary",EDUCATIONAL_SERVICES
25-1064.00,"Geography Teachers, Postsecondary",EDUCATIONAL_SERVICES
25-1065.00,"Political Science Teachers, Postsecondary",EDUCATIONAL_SERVICES
25-1066.00,"Psychology Teachers, Postsecondary",EDUCATIONAL_SERVICES
25-1067.00,"Sociology Teachers, Postsecondary",EDUCATIONAL_SERVICES
25-1071.00,"Health Specialties Teachers, Postsecondary",EDUCATIONAL_SERVICES
25-1072.00,"Nursing Instructors and Teachers, Postsecondary",EDUCATIONAL_SERVICES
25-1081.00,"Education Teachers, Postsecondary",EDUCATIONAL_SERVICES
25-1082.00,"Library Science Teachers, Postsecondary",EDUCATIONAL_SERVICES
25-1111.00,"Criminal Justice and Law Enforcement Teachers, Postsecondary",EDUCATIONAL_SERVICES
25-1112.00,"Law Teachers, Postsecondary",EDUCATIONAL_SERVICES
25-1113.00,"Social Work Teachers, Postsecondary",EDUCATIONAL_SERVICES
25-1121.00,"Art, Drama, and Music Teachers, Postsecondary",EDUCATIONAL_SERVICES
25-1122.00,"Communications Teachers, Postsecondary",EDUCATIONAL_SERVICES
25-1123.00,"English Language and Literature Teachers, Postsecondary",EDUCATIONAL_SERVICES
25-1124.00,"Foreign Language and Literature Teachers, Postsecondary",EDUCATIONAL_SERVICES
25-1125.00,"History Teachers, Postsecondary",EDUCATIONAL_SERVICES
25-1126.00,"Philosophy and Religion Teachers, Postsecondary",EDUCATIONAL_SERVICES
25-1192.00,"Family and Consumer Sciences Teachers, Postsecondary",EDUCATIONAL_SERVICES
25-1193.00,"Recreation and Fitness Studies Teachers, Postsecondary",EDUCATIONAL_SERVICES
25-1194.00,"Career/Technical Education Teachers, Postsecondary",EDUCATIONAL_SERVICES
25-2011.00,"Preschool Teachers, Except Special Education",EDUCATIONAL_SERVICES
25-2012.00,"Kindergarten Teachers, Except Special Education",EDUCATIONAL_SERVICES
25-2021.00,"Elementary School Teachers, Except Special Education",EDUCATIONAL_SERVICES
25-2022.00,"Middle School Teachers, Except Special and Career/Technical Education",EDUCATIONAL_SERVICES
25-2023.00,"Career/Technical Education Teachers, Middle School",EDUCATIONAL_SERVICES
25-2031.00,"Secondary School Teachers, Except Special and Career/Technical Education",EDUCATIONAL_SERVICES
25-2032.00,"Career/Technical Education Teachers, Secondary School",EDUCATIONAL_SERVICES
25-2051.00,"Special Education Teachers, Preschool",EDUCATIONAL_SERVICES
25-2057.00,"Special Education Teachers, Middle School",EDUCATIONAL_SERVICES
25-2058.00,"Special Education Teachers, Secondary School",EDUCATIONAL_SERVICES
25-2059.01,Adapted Physical Education Specialists,EDUCATIONAL_SERVICES
25-3011.00,"Adult Basic Education, Adult Secondary Education, and English as a Second Language Instructors",EDUCATIONAL_SERVICES
25-3021.00,Self-Enrichment Teachers,EDUCATIONAL_SERVICES
25-3041.00,Tutors,EDUCATIONAL_SERVICES
25-4011.00,Archivists,EDUCATIONAL_SERVICES
25-4012.00,Curators,TRAVEL_AND_ENTERTAINMENT_SERVICES
25-4013.00,Museum Technicians and Conservators,TRAVEL_AND_ENTERTAINMENT_SERVICES
25-4022.00,Librarians and Media Collections Specialists,EDUCATIONAL_SERVICES
25-4031.00,Library Technicians,EDUCATIONAL_SERVICES
25-9021.00,Farm and Home Management Educators,EDUCATIONAL_SERVICES
25-9031.00,Instructional Coordinators,EDUCATIONAL_SERVICES
25-9042.00,"Teaching Assistants, Preschool, Elementary, Middle, and Secondary School, Except Special Education",EDUCATIONAL_SERVICES
25-9044.00,"Teaching Assistants, Postsecondary",EDUCATIONAL_SERVICES
27-1011.00,Art Directors,MEDIA_AND_COMMUNICATIONS_SERVICES
27-1012.00,Craft Artists,SPECIAL_INDUSTRIES
27-1013.00,"Fine Artists, Including Painters, Sculptors, and Illustrators",MEDIA_AND_COMMUNICATIONS_SERVICES
27-1014.00,Special Effects Artists and Animators,MEDIA_AND_COMMUNICATIONS_SERVICES
27-1021.00,Commercial and Industrial Designers,ARCHITECTURAL_ENGINEERING_SERVICES
27-1022.00,Fashion Designers,MANUFACTURING
27-1023.00,Floral Designers,RETAIL_TRADE
27-1024.00,Graphic Designers,MEDIA_AND_COMMUNICATIONS_SERVICES
27-1025.00,Interior Designers,ARCHITECTURAL_ENGINEERING_SERVICES
27-1026.00,Merchandise Displayers and Window Trimmers,RETAIL_TRADE
27-1027.00,Set and Exhibit Designers,MEDIA_AND_COMMUNICATIONS_SERVICES
27-2011.00,Actors,TRAVEL_AND_ENTERTAINMENT_SERVICES
27-2012.00,Producers and Directors,MEDIA_AND_COMMUNICATIONS_SERVICES
27-2012.03,Media Programming Directors,MEDIA_AND_COMMUNICATIONS_SERVICES
27-2012.04,Talent Directors,MEDIA_AND_COMMUNICATIONS_SERVICES
27-2012.05,Media Technical Directors/Managers,MEDIA_AND_COMMUNICATIONS_SERVICES
27-2021.00,Athletes and Sports Competitors,TRAVEL_AND_ENTERTAINMENT_SERVICES
27-2022.00,Coaches and Scouts,TRAVEL_AND_ENTERTAINMENT_SERVICES
27-2023.00,"Umpires, Referees, and Other Sports Officials",TRAVEL_AND_ENTERTAINMENT_SERVICES
27-2031.00,Dancers,TRAVEL_AND_ENTERTAINMENT_SERVICES
27-2032.00,Choreographers,TRAVEL_AND_ENTERTAINMENT_SERVICES
27-2041.00,Music Directors and Composers,TRAVEL_AND_ENTERTAINMENT_SERVICES
27-2042.00,Musicians and Singers,TRAVEL_AND_ENTERTAINMENT_SERVICES
27-3011.00,Broadcast Announcers and Radio Disc Jockeys,MEDIA_AND_COMMUNICATIONS_SERVICES
27-3023.00,"News Analysts, Reporters, and Journalists",MEDIA_AND_COMMUNICATIONS_SERVICES
27-3031.00,Public Relations Specialists,MEDIA_AND_COMMUNICATIONS_SERVICES
27-3041.00,Editors,MEDIA_AND_COMMUNICATIONS_SERVICES
27-3042.00,Technical Writers,MEDIA_AND_COMMUNICATIONS_SERVICES
27-3043.00,Writers and Authors,MEDIA_AND_COMMUNICATIONS_SERVICES
27-3043.05,"Poets, Lyricists and Creative Writers",MEDIA_AND_COMMUNICATIONS_SERVICES
27-3091.00,Interpreters and Translators,MEDIA_AND_COMMUNICATIONS_SERVICES
27-3092.00,Court Reporters and Simultaneous Captioners,LEGAL_SERVICES
27-4011.00,Audio and Video Technicians,MEDIA_AND_COMMUNICATIONS_SERVICES
27-4012.00,Broadcast Technicians,MEDIA_AND_COMMUNICATIONS_SERVICES
27-4014.00,Sound Engineering Technicians,MEDIA_AND_COMMUNICATIONS_SERVICES
27-4021.00,Photographers,MEDIA_AND_COMMUNICATIONS_SERVICES
27-4031.00,"Camera Operators, Television, Video, and Film",MEDIA_AND_COMMUNICATIONS_SERVICES
27-4032.00,Film and Video Editors,MEDIA_AND_COMMUNICATIONS_SERVICES
29-1011.00,Chiropractors,HEALTHCARE
29-1021.00,"Dentists, General",HEALTHCARE
29-1022.00,Oral and Maxillofacial Surgeons,HEALTHCARE
29-1023.00,Orthodontists,HEALTHCARE
29-1024.00,Prosthodontists,HEALTHCARE
29-1031.00,Dietitians and Nutritionists,HEALTHCARE
29-1041.00,Optometrists,HEALTHCARE
29-1051.00,Pharmacists,HEALTHCARE
29-1071.00,Physician Assistants,HEALTHCARE
29-1071.01,Anesthesiologist Assistants,HEALTHCARE
29-1081.00,Podiatrists,HEALTHCARE
29-1122.00,Occupational Therapists,HEALTHCARE
29-1122.01,"Low Vision Therapists, Orientation and Mobility Specialists, and Vision Rehabilitation Therapists",HEALTHCARE
29-1123.00,Physical Therapists,HEALTHCARE
29-1124.00,Radiation Therapists,HEALTHCARE
29-1125.00,Recreational Therapists,HEALTHCARE
29-1126.00,Respiratory Therapists,HEALTHCARE
29-1127.00,Speech-Language Pathologists,HEALTHCARE
29-1128.00,Exercise Physiologists,HEALTHCARE
29-1129.01,Art Therapists,HEALTHCARE
29-1129.02,Music Therapists,HEALTHCARE
29-1131.00,Veterinarians,HEALTHCARE
29-1141.00,Registered Nurses,HEALTHCARE
29-1141.01,Acute Care Nurses,HEALTHCARE
29-1141.02,Advanced Practice Psychiatric Nurses,HEALTHCARE
29-1141.03,Critical Care Nurses,HEALTHCARE
29-1141.04,Clinical Nurse Specialists,HEALTHCARE
29-1151.00,Nurse Anesthetists,HEALTHCARE
29-1161.00,Nurse Midwives,HEALTHCARE
29-1171.00,Nurse Practitioners,HEALTHCARE
29-1181.00,Audiologists,HEALTHCARE
29-1211.00,Anesthesiologists,HEALTHCARE
29-1213.00,Dermatologists,HEALTHCARE
29-1215.00,Family Medicine Physicians,HEALTHCARE
29-1216.00,General Internal Medicine Physicians,HEALTHCARE
29-1217.00,Neurologists,HEALTHCARE
29-1218.00,Obstetricians and Gynecologists,HEALTHCARE
29-1221.00,"Pediatricians, General",HEALTHCARE
29-1222.00,"Physicians, Pathologists",HEALTHCARE
29-1223.00,Psychiatrists,HEALTHCARE
29-1224.00,Radiologists,HEALTHCARE
29-1229.01,Allergists and Immunologists,HEALTHCARE
29-1229.02,Hospitalists,HEALTHCARE
29-1229.03,Urologists,HEALTHCARE
29-1229.04,Physical Medicine and Rehabilitation Physicians,HEALTHCARE
29-1229.05,Preventive Medicine Physicians,HEALTHCARE
29-1229.06,Sports Medicine Physicians,HEALTHCARE
29-1241.00,"Ophthalmologists, Except Pediatric",HEALTHCARE
29-1291.00,Acupuncturists,HEALTHCARE
29-1292.00,Dental Hygienists,HEALTHCARE
29-1299.01,Naturopathic Physicians,HEALTHCARE
29-1299.02,Orthoptists,HEALTHCARE
29-2011.00,Medical and Clinical Laboratory Technologists,HEALTHCARE
29-2011.01,Cytogenetic Technologists,HEALTHCARE
29-2011.02,Cytotechnologists,HEALTHCARE
29-2011.04,Histotechnologists,HEALTHCARE
29-2012.00,Medical and Clinical Laboratory Technicians,HEALTHCARE
29-2031.00,Cardiovascular Technologists and Technicians,HEALTHCARE
29-2032.00,Diagnostic Medical Sonographers,HEALTHCARE
29-2033.00,Nuclear Medicine Technologists,HEALTHCARE
29-2034.00,Radiologic Technologists and Technicians,HEALTHCARE
29-2035.00,Magnetic Resonance Imaging Technologists,HEALTHCARE
29-2036.00,Medical Dosimetrists,HEALTHCARE
29-2051.00,Dietetic Technicians,HEALTHCARE
29-2052.00,Pharmacy Technicians,HEALTHCARE
29-2053.00,Psychiatric Technicians,HEALTHCARE
29-2055.00,Surgical Technologists,HEALTHCARE
29-2056.00,Veterinary Technologists and Technicians,HEALTHCARE
29-2057.00,Ophthalmic Medical Technicians,HEALTHCARE
29-2061.00,Licensed Practical and Licensed Vocational Nurses,HEALTHCARE
29-2081.00,"Opticians, Dispensing",HEALTHCARE
29-2091.00,Orthotists and Prosthetists,HEALTHCARE
29-2092.00,Hearing Aid Specialists,HEALTHCARE
29-2099.01,Neurodiagnostic Technologists,HEALTHCARE
29-2099.05,Ophthalmic Medical Technologists,HEALTHCARE
29-2099.08,Patient Representatives,HEALTHCARE
29-9091.00,Athletic Trainers,HEALTHCARE
29-9092.00,Genetic Counselors,HEALTHCARE
29-9093.00,Surgical Assistants,HEALTHCARE
29-9099.01,Midwives,HEALTHCARE
31-1121.00,Home Health Aides,HEALTHCARE
31-1122.00,Personal Care Aides,HEALTHCARE
31-1131.00,Nursing Assistants,HEALTHCARE
31-1132.00,Orderlies,HEALTHCARE
31-1133.00,Psychiatric Aides,HEALTHCARE
31-2011.00,Occupational Therapy Assistants,HEALTHCARE
31-2012.00,Occupational Therapy Aides,HEALTHCARE
31-2021.00,Physical Therapist Assistants,HEALTHCARE
31-2022.00,Physical Therapist Aides,HEALTHCARE
31-9011.00,Massage Therapists,HEALTHCARE
31-9091.00,Dental Assistants,HEALTHCARE
31-9092.00,Medical Assistants,HEALTHCARE
31-9093.00,Medical Equipment Preparers,HEALTHCARE
31-9094.00,Medical Transcriptionists,HEALTHCARE
31-9095.00,Pharmacy Aides,HEALTHCARE
31-9096.00,Veterinary Assistants and Laboratory Animal Caretakers,HEALTHCARE
31-9097.00,Phlebotomists,HEALTHCARE
31-9099.01,Speech-Language Pathology Assistants,HEALTHCARE
31-9099.02,Endoscopy Technicians,HEALTHCARE
33-1011.00,First-Line Supervisors of Correctional Officers,GOVERNMENT
33-1012.00,First-Line Supervisors of Police and Detectives,GOVERNMENT
33-1021.00,First-Line Supervisors of Firefighting and Prevention Workers,GOVERNMENT
33-2011.00,Firefighters,GOVERNMENT
33-2021.00,Fire Inspectors and Investigators,GOVERNMENT
33-2022.00,Forest Fire Inspectors and Prevention Specialists,GOVERNMENT
33-3011.00,Bailiffs,GOVERNMENT
33-3012.00,Correctional Officers and Jailers,GOVERNMENT
33-3021.00,Detectives and Criminal Investigators,GOVERNMENT
33-3021.02,Police Identification and Records Officers,GOVERNMENT
33-3021.06,Intelligence Analysts,GOVERNMENT
33-3031.00,Fish and Game Wardens,GOVERNMENT
33-3041.00,Parking Enforcement Workers,GOVERNMENT
33-3051.00,Police and Sheriff's Patrol Officers,GOVERNMENT
33-3051.04,Customs and Border Protection Officers,GOVERNMENT
33-3052.00,Transit and Railroad Police,PASSENGER_TRANSPORTATION
33-9011.00,Animal Control Workers,GOVERNMENT
33-9021.00,Private Detectives and Investigators,ADMINISTRATIVE_SUPPORT_WASTE_SERVICES
33-9031.00,Gambling Surveillance Officers and Gambling Investigators,TRAVEL_AND_ENTERTAINMENT_SERVICES
33-9032.00,Security Guards,ADMINISTRATIVE_SUPPORT_WASTE_SERVICES
33-9091.00,Crossing Guards and Flaggers,GOVERNMENT
33-9092.00,"Lifeguards, Ski Patrol, and Other Recreational Protective Service Workers",TRAVEL_AND_ENTERTAINMENT_SERVICES
33-9093.00,Transportation Security Screeners,GOVERNMENT
33-9099.02,Retail Loss Prevention Specialists,RETAIL_TRADE
35-1011.00,Chefs and Head Cooks,TRAVEL_AND_ENTERTAINMENT_SERVICES
35-1012.00,First-Line Supervisors of Food Preparation and Serving Workers,TRAVEL_AND_ENTERTAINMENT_SERVICES
35-2011.00,"Cooks, Fast Food",TRAVEL_AND_ENTERTAINMENT_SERVICES
35-2012.00,"Cooks, Institution and Cafeteria",TRAVEL_AND_ENTERTAINMENT_SERVICES
35-2013.00,"Cooks, Private Household",TRAVEL_AND_ENTERTAINMENT_SERVICES
35-2014.00,"Cooks, Restaurant",TRAVEL_AND_ENTERTAINMENT_SERVICES
35-2015.00,"Cooks, Short Order",TRAVEL_AND_ENTERTAINMENT_SERVICES
35-2021.00,Food Preparation Workers,TRAVEL_AND_ENTERTAINMENT_SERVICES
35-3011.00,Bartenders,TRAVEL_AND_ENTERTAINMENT_SERVICES
35-3023.00,Fast Food and Counter Workers,TRAVEL_AND_ENTERTAINMENT_SERVICES
35-3023.01,Baristas,TRAVEL_AND_ENTERTAINMENT_SERVICES
35-3031.00,Waiters and Waitresses,TRAVEL_AND_ENTERTAINMENT_SERVICES
35-3041.00,"Food Servers, Nonrestaurant",TRAVEL_AND_ENTERTAINMENT_SERVICES
35-9011.00,Dining Room and Cafeteria Attendants and Bartender Helpers,TRAVEL_AND_ENTERTAINMENT_SERVICES
35-9021.00,Dishwashers,TRAVEL_AND_ENTERTAINMENT_SERVICES
35-9031.00,"Hosts and Hostesses, Restaurant, Lounge, and Coffee Shop",TRAVEL_AND_ENTERTAINMENT_SERVICES
37-1011.00,First-Line Supervisors of Housekeeping and Janitorial Workers,ADMINISTRATIVE_SUPPORT_WASTE_SERVICES
37-1012.00,"First-Line Supervisors of Landscaping, Lawn Service, and Groundskeeping Workers",AGRICULTURE_FORESTRY_FISHING_HUNTING
37-2011.00,"Janitors and Cleaners, Except Maids and Housekeeping Cleaners",ADMINISTRATIVE_SUPPORT_WASTE_SERVICES
37-2012.00,Maids and Housekeeping Cleaners,ADMINISTRATIVE_SUPPORT_WASTE_SERVICES
37-2021.00,Pest Control Workers,ADMINISTRATIVE_SUPPORT_WASTE_SERVICES
37-3011.00,Landscaping and Groundskeeping Workers,AGRICULTURE_FORESTRY_FISHING_HUNTING
37-3012.00,"Pesticide Handlers, Sprayers, and Applicators, Vegetation",AGRICULTURE_FORESTRY_FISHING_HUNTING
37-3013.00,Tree Trimmers and Pruners,AGRICULTURE_FORESTRY_FISHING_HUNTING
39-1013.00,First-Line Supervisors of Gambling Services Workers,TRAVEL_AND_ENTERTAINMENT_SERVICES
39-1022.00,First-Line Supervisors of Personal Service Workers,TRAVEL_AND_ENTERTAINMENT_SERVICES
39-2011.00,Animal Trainers,TRAVEL_AND_ENTERTAINMENT_SERVICES
39-2021.00,Animal Caretakers,AGRICULTURE_FORESTRY_FISHING_HUNTING
39-3011.00,Gambling Dealers,TRAVEL_AND_ENTERTAINMENT_SERVICES
39-3012.00,Gambling and Sports Book Writers and Runners,TRAVEL_AND_ENTERTAINMENT_SERVICES
39-3021.00,Motion Picture Projectionists,TRAVEL_AND_ENTERTAINMENT_SERVICES
39-3031.00,"Ushers, Lobby Attendants, and Ticket Takers",TRAVEL_AND_ENTERTAINMENT_SERVICES
39-3091.00,Amusement and Recreation Attendants,TRAVEL_AND_ENTERTAINMENT_SERVICES
39-3092.00,Costume Attendants,TRAVEL_AND_ENTERTAINMENT_SERVICES
39-3093.00,"Locker Room, Coatroom, and Dressing Room Attendants",TRAVEL_AND_ENTERTAINMENT_SERVICES
39-4011.00,Embalmers,HEALTHCARE
39-4021.00,Funeral Attendants,SPECIAL_INDUSTRIES
39-4031.00,"Morticians, Undertakers, and Funeral Arrangers",TRAVEL_AND_ENTERTAINMENT_SERVICES
39-5011.00,Barbers,TRAVEL_AND_ENTERTAINMENT_SERVICES
39-5012.00,"Hairdressers, Hairstylists, and Cosmetologists",TRAVEL_AND_ENTERTAINMENT_SERVICES
39-5091.00,"Makeup Artists, Theatrical and Performance",TRAVEL_AND_ENTERTAINMENT_SERVICES
39-5092.00,Manicurists and Pedicurists,TRAVEL_AND_ENTERTAINMENT_SERVICES
39-5093.00,Shampooers,TRAVEL_AND_ENTERTAINMENT_SERVICES
39-5094.00,Skincare Specialists,HEALTHCARE
39-6011.00,Baggage Porters and Bellhops,TRAVEL_AND_ENTERTAINMENT_SERVICES
39-6012.00,Concierges,TRAVEL_AND_ENTERTAINMENT_SERVICES
39-7011.00,Tour Guides and Escorts,TRAVEL_AND_ENTERTAINMENT_SERVICES
39-7012.00,Travel Guides,TRAVEL_AND_ENTERTAINMENT_SERVICES
39-9011.00,Childcare Workers,HEALTHCARE
39-9011.01,Nannies,HEALTHCARE
39-9031.00,Exercise Trainers and Group Fitness Instructors,TRAVEL_AND_ENTERTAINMENT_SERVICES
39-9032.00,Recreation Workers,TRAVEL_AND_ENTERTAINMENT_SERVICES
39-9041.00,Residential Advisors,EDUCATIONAL_SERVICES
41-1011.00,First-Line Supervisors of Retail Sales Workers,RETAIL_TRADE
41-1012.00,First-Line Supervisors of Non-Retail Sales Workers,ADMINISTRATIVE_SUPPORT_WASTE_SERVICES
41-2011.00,Cashiers,RETAIL_TRADE
41-2012.00,Gambling Change Persons and Booth Cashiers,TRAVEL_AND_ENTERTAINMENT_SERVICES
41-2021.00,Counter and Rental Clerks,RETAIL_TRADE
41-2022.00,Parts Salespersons,RETAIL_TRADE
41-2031.00,Retail Salespersons,RETAIL_TRADE
41-3011.00,Advertising Sales Agents,MEDIA_AND_COMMUNICATIONS_SERVICES
41-3021.00,Insurance Sales Agents,FINANCE_AND_INSURANCE
41-3031.00,"Securities, Commodities, and Financial Services Sales Agents",FINANCE_AND_INSURANCE
41-3041.00,Travel Agents,TRAVEL_AND_ENTERTAINMENT_SERVICES
41-4011.00,"Sales Representatives, Wholesale and Manufacturing, Technical and Scientific Products",MANUFACTURING
41-4011.07,Solar Sales Representatives and Assessors,ENERGY
41-4012.00,"Sales Representatives, Wholesale and Manufacturing, Except Technical and Scientific Products",MANUFACTURING
41-9011.00,Demonstrators and Product Promoters,RETAIL_TRADE
41-9012.00,Models,MEDIA_AND_COMMUNICATIONS_SERVICES
41-9021.00,Real Estate Brokers,REAL_ESTATE_RENTAL_LEASING
41-9022.00,Real Estate Sales Agents,REAL_ESTATE_RENTAL_LEASING
41-9031.00,Sales Engineers,MANUFACTURING
41-9041.00,Telemarketers,MEDIA_AND_COMMUNICATIONS_SERVICES
41-9091.00,"Door-to-Door Sales Workers, News and Street Vendors, and Related Workers",RETAIL_TRADE
43-1011.00,First-Line Supervisors of Office and Administrative Support Workers,ADMINISTRATIVE_SUPPORT_WASTE_SERVICES
43-2011.00,"Switchboard Operators, Including Answering Service",ADMINISTRATIVE_SUPPORT_WASTE_SERVICES
43-2021.00,Telephone Operators,MEDIA_AND_COMMUNICATIONS_SERVICES
43-3011.00,Bill and Account Collectors,FINANCE_AND_INSURANCE
43-3021.00,Billing and Posting Clerks,FINANCE_AND_INSURANCE
43-3031.00,"Bookkeeping, Accounting, and Auditing Clerks",FINANCE_AND_INSURANCE
43-3041.00,Gambling Cage Workers,TRAVEL_AND_ENTERTAINMENT_SERVICES
43-3051.00,Payroll and Timekeeping Clerks,FINANCE_AND_INSURANCE
43-3061.00,Procurement Clerks,ADMINISTRATIVE_SUPPORT_WASTE_SERVICES
43-3071.00,Tellers,FINANCE_AND_INSURANCE
43-4011.00,Brokerage Clerks,FINANCE_AND_INSURANCE
43-4021.00,Correspondence Clerks,ADMINISTRATIVE_SUPPORT_WASTE_SERVICES
43-4031.00,"Court, Municipal, and License Clerks",GOVERNMENT
43-4041.00,"Credit Authorizers, Checkers, and Clerks",FINANCE_AND_INSURANCE
43-4051.00,Customer Service Representatives,ADMINISTRATIVE_SUPPORT_WASTE_SERVICES
43-4061.00,"Eligibility Interviewers, Government Programs",GOVERNMENT
43-4071.00,File Clerks,ADMINISTRATIVE_SUPPORT_WASTE_SERVICES
43-4081.00,"Hotel, Motel, and Resort Desk Clerks",TRAVEL_AND_ENTERTAINMENT_SERVICES
43-4111.00,"Interviewers, Except Eligibility and Loan",ADMINISTRATIVE_SUPPORT_WASTE_SERVICES
43-4121.00,"Library Assistants, Clerical",EDUCATIONAL_SERVICES
43-4131.00,Loan Interviewers and Clerks,FINANCE_AND_INSURANCE
43-4141.00,New Accounts Clerks,FINANCE_AND_INSURANCE
43-4151.00,Order Clerks,ADMINISTRATIVE_SUPPORT_WASTE_SERVICES
43-4161.00,"Human Resources Assistants, Except Payroll and Timekeeping",ADMINISTRATIVE_SUPPORT_WASTE_SERVICES
43-4171.00,Receptionists and Information Clerks,ADMINISTRATIVE_SUPPORT_WASTE_SERVICES
43-4181.00,Reservation and Transportation Ticket Agents and Travel Clerks,PASSENGER_TRANSPORTATION
43-5011.00,Cargo and Freight Agents,PACKAGING_AND_GOODS_TRANSPORTATION
43-5011.01,Freight Forwarders,PACKAGING_AND_GOODS_TRANSPORTATION
43-5021.00,Couriers and Messengers,PACKAGING_AND_GOODS_TRANSPORTATION
43-5031.00,Public Safety Telecommunicators,GOVERNMENT
43-5032.00,"Dispatchers, Except Police, Fire, and Ambulance",PASSENGER_TRANSPORTATION
43-5041.00,"Meter Readers, Utilities",ENERGY
43-5051.00,Postal Service Clerks,GOVERNMENT
43-5052.00,Postal Service Mail Carriers,GOVERNMENT
43-5053.00,"Postal Service Mail Sorters, Processors, and Processing Machine Operators",GOVERNMENT
43-5061.00,"Production, Planning, and Expediting Clerks",MANUFACTURING
43-5071.00,"Shipping, Receiving, and Inventory Clerks",PACKAGING_AND_GOODS_TRANSPORTATION
43-5111.00,"Weighers, Measurers, Checkers, and Samplers, Recordkeeping",MANUFACTURING
43-6011.00,Executive Secretaries and Executive Administrative Assistants,ADMINISTRATIVE_SUPPORT_WASTE_SERVICES
43-6012.00,Legal Secretaries and Administrative Assistants,LEGAL_SERVICES
43-6013.00,Medical Secretaries and Administrative Assistants,HEALTHCARE
43-6014.00,"Secretaries and Administrative Assistants, Except Legal, Medical, and Executive",ADMINISTRATIVE_SUPPORT_WASTE_SERVICES
43-9021.00,Data Entry Keyers,ADMINISTRATIVE_SUPPORT_WASTE_SERVICES
43-9022.00,Word Processors and Typists,ADMINISTRATIVE_SUPPORT_WASTE_SERVICES
43-9031.00,Desktop Publishers,MEDIA_AND_COMMUNICATIONS_SERVICES
43-9041.00,Insurance Claims and Policy Processing Clerks,FINANCE_AND_INSURANCE
43-9051.00,"Mail Clerks and Mail Machine Operators, Except Postal Service",ADMINISTRATIVE_SUPPORT_WASTE_SERVICES
43-9061.00,"Office Clerks, General",ADMINISTRATIVE_SUPPORT_WASTE_SERVICES
43-9071.00,"Office Machine Operators, Except Computer",ADMINISTRATIVE_SUPPORT_WASTE_SERVICES
43-9081.00,Proofreaders and Copy Markers,MEDIA_AND_COMMUNICATIONS_SERVICES
43-9111.00,Statistical Assistants,ADMINISTRATIVE_SUPPORT_WASTE_SERVICES
45-1011.00,"First-Line Supervisors of Farming, Fishing, and Forestry Workers",AGRICULTURE_FORESTRY_FISHING_HUNTING
45-2011.00,Agricultural Inspectors,AGRICULTURE_FORESTRY_FISHING_HUNTING
45-2021.00,Animal Breeders,AGRICULTURE_FORESTRY_FISHING_HUNTING
45-2041.00,"Graders and Sorters, Agricultural Products",AGRICULTURE_FORESTRY_FISHING_HUNTING
45-2091.00,Agricultural Equipment Operators,AGRICULTURE_FORESTRY_FISHING_HUNTING
45-2092.00,"Farmworkers and Laborers, Crop, Nursery, and Greenhouse",AGRICULTURE_FORESTRY_FISHING_HUNTING
45-2093.00,"Farmworkers, Farm, Ranch, and Aquacultural Animals",AGRICULTURE_FORESTRY_FISHING_HUNTING
45-3031.00,Fishing and Hunting Workers,AGRICULTURE_FORESTRY_FISHING_HUNTING
45-4011.00,Forest and Conservation Workers,AGRICULTURE_FORESTRY_FISHING_HUNTING
45-4021.00,Fallers,AGRICULTURE_FORESTRY_FISHING_HUNTING
45-4022.00,Logging Equipment Operators,AGRICULTURE_FORESTRY_FISHING_HUNTING
45-4023.00,Log Graders and Scalers,AGRICULTURE_FORESTRY_FISHING_HUNTING
47-1011.00,First-Line Supervisors of Construction Trades and Extraction Workers,CONSTRUCTION
47-1011.03,Solar Energy Installation Managers,ENERGY
47-2011.00,Boilermakers,MANUFACTURING
47-2021.00,Brickmasons and Blockmasons,CONSTRUCTION
47-2022.00,Stonemasons,CONSTRUCTION
47-2031.00,Carpenters,CONSTRUCTION
47-2041.00,Carpet Installers,CONSTRUCTION
47-2042.00,"Floor Layers, Except Carpet, Wood, and Hard Tiles",CONSTRUCTION
47-2043.00,Floor Sanders and Finishers,CONSTRUCTION
47-2044.00,Tile and Stone Setters,CONSTRUCTION
47-2051.00,Cement Masons and Concrete Finishers,CONSTRUCTION
47-2053.00,Terrazzo Workers and Finishers,CONSTRUCTION
47-2061.00,Construction Laborers,CONSTRUCTION
47-2071.00,"Paving, Surfacing, and Tamping Equipment Operators",CONSTRUCTION
47-2072.00,Pile Driver Operators,CONSTRUCTION
47-2073.00,Operating Engineers and Other Construction Equipment Operators,CONSTRUCTION
47-2081.00,Drywall and Ceiling Tile Installers,CONSTRUCTION
47-2082.00,Tapers,CONSTRUCTION
47-2111.00,Electricians,CONSTRUCTION
47-2121.00,Glaziers,CONSTRUCTION
47-2131.00,"Insulation Workers, Floor, Ceiling, and Wall",CONSTRUCTION
47-2132.00,"Insulation Workers, Mechanical",CONSTRUCTION
47-2141.00,"Painters, Construction and Maintenance",CONSTRUCTION
47-2142.00,Paperhangers,CONSTRUCTION
47-2151.00,Pipelayers,CONSTRUCTION
47-2152.00,"Plumbers, Pipefitters, and Steamfitters",CONSTRUCTION
47-2152.04,Solar Thermal Installers and Technicians,ENERGY
47-2161.00,Plasterers and Stucco Masons,CONSTRUCTION
47-2171.00,Reinforcing Iron and Rebar Workers,CONSTRUCTION
47-2181.00,Roofers,CONSTRUCTION
47-2211.00,Sheet Metal Workers,CONSTRUCTION
47-2221.00,Structural Iron and Steel Workers,CONSTRUCTION
47-2231.00,Solar Photovoltaic Installers,ENERGY
47-3011.00,"Helpers--Brickmasons, Blockmasons, Stonemasons, and Tile and Marble Setters",CONSTRUCTION
47-3012.00,Helpers--Carpenters,CONSTRUCTION
47-3013.00,Helpers--Electricians,CONSTRUCTION
47-3014.00,"Helpers--Painters, Paperhangers, Plasterers, and Stucco Masons",CONSTRUCTION
47-3015.00,"Helpers--Pipelayers, Plumbers, Pipefitters, and Steamfitters",CONSTRUCTION
47-3016.00,Helpers--Roofers,CONSTRUCTION
47-4011.00,Construction and Building Inspectors,CONSTRUCTION
47-4011.01,Energy Auditors,ENERGY
47-4021.00,Elevator and Escalator Installers and Repairers,CONSTRUCTION
47-4031.00,Fence Erectors,CONSTRUCTION
47-4041.00,Hazardous Materials Removal Workers,SPECIAL_INDUSTRIES
47-4051.00,Highway Maintenance Workers,CONSTRUCTION
47-4061.00,Rail-Track Laying and Maintenance Equipment Operators,CONSTRUCTION
47-4071.00,Septic Tank Servicers and Sewer Pipe Cleaners,ADMINISTRATIVE_SUPPORT_WASTE_SERVICES
47-4091.00,Segmental Pavers,CONSTRUCTION
47-4099.03,Weatherization Installers and Technicians,CONSTRUCTION
47-5011.00,"Derrick Operators, Oil and Gas",MINING_OIL_GAS_EXTRACTION
47-5012.00,"Rotary Drill Operators, Oil and Gas",MINING_OIL_GAS_EXTRACTION
47-5013.00,"Service Unit Operators, Oil and Gas",MINING_OIL_GAS_EXTRACTION
47-5022.00,"Excavating and Loading Machine and Dragline Operators, Surface Mining",MINING_OIL_GAS_EXTRACTION
47-5023.00,"Earth Drillers, Except Oil and Gas",MINING_OIL_GAS_EXTRACTION
47-5032.00,"Explosives Workers, Ordnance Handling Experts, and Blasters",MINING_OIL_GAS_EXTRACTION
47-5041.00,Continuous Mining Machine Operators,MINING_OIL_GAS_EXTRACTION
47-5043.00,"Roof Bolters, Mining",MINING_OIL_GAS_EXTRACTION
47-5044.00,"Loading and Moving Machine Operators, Underground Mining",MINING_OIL_GAS_EXTRACTION
47-5051.00,"Rock Splitters, Quarry",MINING_OIL_GAS_EXTRACTION
47-5071.00,"Roustabouts, Oil and Gas",MINING_OIL_GAS_EXTRACTION
47-5081.00,Helpers--Extraction Workers,MINING_OIL_GAS_EXTRACTION
49-1011.00,"First-Line Supervisors of Mechanics, Installers, and Repairers",MANUFACTURING
49-2011.00,"Computer, Automated Teller, and Office Machine Repairers",TECHNOLOGY_AND_SOFTWARE_DEVELOPMENT
49-2021.00,"Radio, Cellular, and Tower Equipment Installers and Repairers",MEDIA_AND_COMMUNICATIONS_SERVICES
49-2022.00,"Telecommunications Equipment Installers and Repairers, Except Line Installers",MEDIA_AND_COMMUNICATIONS_SERVICES
49-2091.00,Avionics Technicians,MANUFACTURING
49-2092.00,"Electric Motor, Power Tool, and Related Repairers",MANUFACTURING
49-2093.00,"Electrical and Electronics Installers and Repairers, Transportation Equipment",PASSENGER_TRANSPORTATION
49-2094.00,"Electrical and Electronics Repairers, Commercial and Industrial Equipment",MANUFACTURING
49-2095.00,"Electrical and Electronics Repairers, Powerhouse, Substation, and Relay",ENERGY
49-2096.00,"Electronic Equipment Installers and Repairers, Motor Vehicles",MANUFACTURING
49-2097.00,Audiovisual Equipment Installers and Repairers,ADMINISTRATIVE_SUPPORT_WASTE_SERVICES
49-2098.00,Security and Fire Alarm Systems Installers,CONSTRUCTION
49-3011.00,Aircraft Mechanics and Service Technicians,PASSENGER_TRANSPORTATION
49-3021.00,Automotive Body and Related Repairers,MANUFACTURING
49-3022.00,Automotive Glass Installers and Repairers,MANUFACTURING
49-3023.00,Automotive Service Technicians and Mechanics,ADMINISTRATIVE_SUPPORT_WASTE_SERVICES
49-3031.00,Bus and Truck Mechanics and Diesel Engine Specialists,PASSENGER_TRANSPORTATION
49-3041.00,Farm Equipment Mechanics and Service Technicians,AGRICULTURE_FORESTRY_FISHING_HUNTING
49-3042.00,"Mobile Heavy Equipment Mechanics, Except Engines",CONSTRUCTION
49-3043.00,Rail Car Repairers,PASSENGER_TRANSPORTATION
49-3051.00,Motorboat Mechanics and Service Technicians,MANUFACTURING
49-3052.00,Motorcycle Mechanics,MANUFACTURING
49-3053.00,Outdoor Power Equipment and Other Small Engine Mechanics,MANUFACTURING
49-3091.00,Bicycle Repairers,RETAIL_TRADE
49-3092.00,Recreational Vehicle Service Technicians,MANUFACTURING
49-3093.00,Tire Repairers and Changers,ADMINISTRATIVE_SUPPORT_WASTE_SERVICES
49-9011.00,Mechanical Door Repairers,CONSTRUCTION
49-9012.00,"Control and Valve Installers and Repairers, Except Mechanical Door",MANUFACTURING
49-9021.00,"Heating, Air Conditioning, and Refrigeration Mechanics and Installers",CONSTRUCTION
49-9031.00,Home Appliance Repairers,ADMINISTRATIVE_SUPPORT_WASTE_SERVICES
49-9041.00,Industrial Machinery Mechanics,MANUFACTURING
49-9043.00,"Maintenance Workers, Machinery",MANUFACTURING
49-9044.00,Millwrights,MANUFACTURING
49-9045.00,"Refractory Materials Repairers, Except Brickmasons",MANUFACTURING
49-9051.00,Electrical Power-Line Installers and Repairers,ENERGY
49-9052.00,Telecommunications Line Installers and Repairers,MEDIA_AND_COMMUNICATIONS_SERVICES
49-9061.00,Camera and Photographic Equipment Repairers,MANUFACTURING
49-9062.00,Medical Equipment Repairers,HEALTHCARE
49-9063.00,Musical Instrument Repairers and Tuners,SPECIAL_INDUSTRIES
49-9064.00,Watch and Clock Repairers,MANUFACTURING
49-9071.00,"Maintenance and Repair Workers, General",ADMINISTRATIVE_SUPPORT_WASTE_SERVICES
49-9081.00,Wind Turbine Service Technicians,ENERGY
49-9091.00,"Coin, Vending, and Amusement Machine Servicers and Repairers",TRAVEL_AND_ENTERTAINMENT_SERVICES
49-9092.00,Commercial Divers,SPECIAL_INDUSTRIES
49-9094.00,Locksmiths and Safe Repairers,ADMINISTRATIVE_SUPPORT_WASTE_SERVICES
49-9095.00,Manufactured Building and Mobile Home Installers,CONSTRUCTION
49-9096.00,Riggers,CONSTRUCTION
49-9097.00,Signal and Track Switch Repairers,PASSENGER_TRANSPORTATION
49-9098.00,"Helpers--Installation, Maintenance, and Repair Workers",ADMINISTRATIVE_SUPPORT_WASTE_SERVICES
49-9099.01,Geothermal Technicians,ENERGY
51-1011.00,First-Line Supervisors of Production and Operating Workers,MANUFACTURING
51-2011.00,"Aircraft Structure, Surfaces, Rigging, and Systems Assemblers",MANUFACTURING
51-2021.00,"Coil Winders, Tapers, and Finishers",MANUFACTURING
51-2022.00,Electrical and Electronic Equipment Assemblers,MANUFACTURING
51-2023.00,Electromechanical Equipment Assemblers,MANUFACTURING
51-2031.00,Engine and Other Machine Assemblers,MANUFACTURING
51-2041.00,Structural Metal Fabricators and Fitters,MANUFACTURING
51-2051.00,Fiberglass Laminators and Fabricators,MANUFACTURING
51-2061.00,Timing Device Assemblers and Adjusters,MANUFACTURING
51-2092.00,Team Assemblers,MANUFACTURING
51-3011.00,Bakers,MANUFACTURING
51-3021.00,Butchers and Meat Cutters,MANUFACTURING
51-3022.00,"Meat, Poultry, and Fish Cutters and Trimmers",MANUFACTURING
51-3023.00,Slaughterers and Meat Packers,MANUFACTURING
51-3091.00,"Food and Tobacco Roasting, Baking, and Drying Machine Operators and Tenders",MANUFACTURING
51-3092.00,Food Batchmakers,MANUFACTURING
51-3093.00,Food Cooking Machine Operators and Tenders,MANUFACTURING
51-4021.00,"Extruding and Drawing Machine Setters, Operators, and Tenders, Metal and Plastic",MANUFACTURING
51-4022.00,"Forging Machine Setters, Operators, and Tenders, Metal and Plastic",MANUFACTURING
51-4023.00,"Rolling Machine Setters, Operators, and Tenders, Metal and Plastic",MANUFACTURING
51-4031.00,"Cutting, Punching, and Press Machine Setters, Operators, and Tenders, Metal and Plastic",MANUFACTURING
51-4032.00,"Drilling and Boring Machine Tool Setters, Operators, and Tenders, Metal and Plastic",MANUFACTURING
51-4033.00,"Grinding, Lapping, Polishing, and Buffing Machine Tool Setters, Operators, and Tenders, Metal and Plastic",MANUFACTURING
51-4034.00,"Lathe and Turning Machine Tool Setters, Operators, and Tenders, Metal and Plastic",MANUFACTURING
51-4035.00,"Milling and Planing Machine Setters, Operators, and Tenders, Metal and Plastic",MANUFACTURING
51-4041.00,Machinists,MANUFACTURING
51-4051.00,Metal-Refining Furnace Operators and Tenders,MANUFACTURING
51-4052.00,"Pourers and Casters, Metal",MANUFACTURING
51-4061.00,"Model Makers, Metal and Plastic",MANUFACTURING
51-4062.00,"Patternmakers, Metal and Plastic",MANUFACTURING
51-4071.00,Foundry Mold and Coremakers,MANUFACTURING
51-4072.00,"Molding, Coremaking, and Casting Machine Setters, Operators, and Tenders, Metal and Plastic",MANUFACTURING
51-4081.00,"Multiple Machine Tool Setters, Operators, and Tenders, Metal and Plastic",MANUFACTURING
51-4111.00,Tool and Die Makers,MANUFACTURING
51-4121.00,"Welders, Cutters, Solderers, and Brazers",MANUFACTURING
51-4122.00,"Welding, Soldering, and Brazing Machine Setters, Operators, and Tenders",MANUFACTURING
51-4191.00,"Heat Treating Equipment Setters, Operators, and Tenders, Metal and Plastic",MANUFACTURING
51-4192.00,"Layout Workers, Metal and Plastic",MANUFACTURING
51-4193.00,"Plating Machine Setters, Operators, and Tenders, Metal and Plastic",MANUFACTURING
51-4194.00,"Tool Grinders, Filers, and Sharpeners",MANUFACTURING
51-5111.00,Prepress Technicians and Workers,MANUFACTURING
51-5112.00,Printing Press Operators,MANUFACTURING
51-5113.00,Print Binding and Finishing Workers,MANUFACTURING
51-6011.00,Laundry and Dry-Cleaning Workers,ADMINISTRATIVE_SUPPORT_WASTE_SERVICES
51-6021.00,"Pressers, Textile, Garment, and Related Materials",MANUFACTURING
51-6031.00,Sewing Machine Operators,MANUFACTURING
51-6041.00,Shoe and Leather Workers and Repairers,MANUFACTURING
51-6042.00,Shoe Machine Operators and Tenders,MANUFACTURING
51-6051.00,"Sewers, Hand",MANUFACTURING
51-6052.00,"Tailors, Dressmakers, and Custom Sewers",MANUFACTURING
51-6061.00,Textile Bleaching and Dyeing Machine Operators and Tenders,MANUFACTURING
51-6062.00,"Textile Cutting Machine Setters, Operators, and Tenders",MANUFACTURING
51-6063.00,"Textile Knitting and Weaving Machine Setters, Operators, and Tenders",MANUFACTURING
51-6064.00,"Textile Winding, Twisting, and Drawing Out Machine Setters, Operators, and Tenders",MANUFACTURING
51-6091.00,"Extruding and Forming Machine Setters, Operators, and Tenders, Synthetic and Glass Fibers",MANUFACTURING
51-6092.00,Fabric and Apparel Patternmakers,MANUFACTURING
51-6093.00,Upholsterers,MANUFACTURING
51-7011.00,Cabinetmakers and Bench Carpenters,MANUFACTURING
51-7021.00,Furniture Finishers,MANUFACTURING
51-7031.00,"Model Makers, Wood",MANUFACTURING
51-7032.00,"Patternmakers, Wood",MANUFACTURING
51-7041.00,"Sawing Machine Setters, Operators, and Tenders, Wood",MANUFACTURING
51-7042.00,"Woodworking Machine Setters, Operators, and Tenders, Except Sawing",MANUFACTURING
51-8011.00,Nuclear Power Reactor Operators,ENERGY
51-8012.00,Power Distributors and Dispatchers,ENERGY
51-8013.00,Power Plant Operators,ENERGY
51-8013.03,Biomass Plant Technicians,ENERGY
51-8013.04,Hydroelectric Plant Technicians,ENERGY
51-8021.00,Stationary Engineers and Boiler Operators,ENERGY
51-8031.00,Water and Wastewater Treatment Plant and System Operators,ENERGY
51-8091.00,Chemical Plant and System Operators,MANUFACTURING
51-8092.00,Gas Plant Operators,ENERGY
51-8093.00,"Petroleum Pump System Operators, Refinery Operators, and Gaugers",ENERGY
51-8099.01,Biofuels Processing Technicians,ENERGY
51-9011.00,Chemical Equipment Operators and Tenders,MANUFACTURING
51-9012.00,"Separating, Filtering, Clarifying, Precipitating, and Still Machine Setters, Operators, and Tenders",MANUFACTURING
51-9021.00,"Crushing, Grinding, and Polishing Machine Setters, Operators, and Tenders",MANUFACTURING
51-9022.00,"Grinding and Polishing Workers, Hand",MANUFACTURING
51-9023.00,"Mixing and Blending Machine Setters, Operators, and Tenders",MANUFACTURING
51-9031.00,"Cutters and Trimmers, Hand",MANUFACTURING
51-9032.00,"Cutting and Slicing Machine Setters, Operators, and Tenders",MANUFACTURING
51-9041.00,"Extruding, Forming, Pressing, and Compacting Machine Setters, Operators, and Tenders",MANUFACTURING
51-9051.00,"Furnace, Kiln, Oven, Drier, and Kettle Operators and Tenders",MANUFACTURING
51-9061.00,"Inspectors, Testers, Sorters, Samplers, and Weighers",MANUFACTURING
51-9071.00,Jewelers and Precious Stone and Metal Workers,MANUFACTURING
51-9071.06,Gem and Diamond Workers,MANUFACTURING
51-9081.00,Dental Laboratory Technicians,MANUFACTURING
51-9082.00,Medical Appliance Technicians,MANUFACTURING
51-9083.00,Ophthalmic Laboratory Technicians,MANUFACTURING
51-9111.00,Packaging and Filling Machine Operators and Tenders,MANUFACTURING
51-9123.00,"Painting, Coating, and Decorating Workers",MANUFACTURING
51-9124.00,"Coating, Painting, and Spraying Machine Setters, Operators, and Tenders",MANUFACTURING
51-9141.00,Semiconductor Processing Technicians,MANUFACTURING
51-9151.00,Photographic Process Workers and Processing Machine Operators,MANUFACTURING
51-9161.00,Computer Numerically Controlled Tool Operators,MANUFACTURING
51-9162.00,Computer Numerically Controlled Tool Programmers,MANUFACTURING
51-9191.00,Adhesive Bonding Machine Operators and Tenders,MANUFACTURING
51-9192.00,"Cleaning, Washing, and Metal Pickling Equipment Operators and Tenders",MANUFACTURING
51-9193.00,Cooling and Freezing Equipment Operators and Tenders,MANUFACTURING
51-9194.00,Etchers and Engravers,MANUFACTURING
51-9195.00,"Molders, Shapers, and Casters, Except Metal and Plastic",MANUFACTURING
51-9195.03,"Stone Cutters and Carvers, Manufacturing",MANUFACTURING
51-9195.04,"Glass Blowers, Molders, Benders, and Finishers",MANUFACTURING
51-9195.05,"Potters, Manufacturing",MANUFACTURING
51-9196.00,"Paper Goods Machine Setters, Operators, and Tenders",MANUFACTURING
51-9197.00,Tire Builders,MANUFACTURING
51-9198.00,Helpers--Production Workers,MANUFACTURING
53-1041.00,Aircraft Cargo Handling Supervisors,PACKAGING_AND_GOODS_TRANSPORTATION
53-1042.00,"First-Line Supervisors of Helpers, Laborers, and Material Movers, Hand",PACKAGING_AND_GOODS_TRANSPORTATION
53-1042.01,Recycling Coordinators,SPECIAL_INDUSTRIES
53-1043.00,First-Line Supervisors of Material-Moving Machine and Vehicle Operators,PACKAGING_AND_GOODS_TRANSPORTATION
53-2011.00,"Airline Pilots, Copilots, and Flight Engineers",PASSENGER_TRANSPORTATION
53-2012.00,Commercial Pilots,PASSENGER_TRANSPORTATION
53-2021.00,Air Traffic Controllers,PASSENGER_TRANSPORTATION
53-2022.00,Airfield Operations Specialists,PASSENGER_TRANSPORTATION
53-2031.00,Flight Attendants,PASSENGER_TRANSPORTATION
53-3011.00,"Ambulance Drivers and Attendants, Except Emergency Medical Technicians",HEALTHCARE
53-3031.00,Driver/Sales Workers,RETAIL_TRADE
53-3032.00,Heavy and Tractor-Trailer Truck Drivers,PACKAGING_AND_GOODS_TRANSPORTATION
53-3033.00,Light Truck Drivers,PACKAGING_AND_GOODS_TRANSPORTATION
53-3052.00,"Bus Drivers, Transit and Intercity",PASSENGER_TRANSPORTATION
53-4011.00,Locomotive Engineers,PACKAGING_AND_GOODS_TRANSPORTATION
53-4013.00,"Rail Yard Engineers, Dinkey Operators, and Hostlers",PACKAGING_AND_GOODS_TRANSPORTATION
53-4022.00,"Railroad Brake, Signal, and Switch Operators and Locomotive Firers",PACKAGING_AND_GOODS_TRANSPORTATION
53-4031.00,Railroad Conductors and Yardmasters,PACKAGING_AND_GOODS_TRANSPORTATION
53-4041.00,Subway and Streetcar Operators,PASSENGER_TRANSPORTATION
53-5011.00,Sailors and Marine Oilers,PACKAGING_AND_GOODS_TRANSPORTATION
53-5021.00,"Captains, Mates, and Pilots of Water Vessels",PASSENGER_TRANSPORTATION
53-5022.00,Motorboat Operators,PASSENGER_TRANSPORTATION
53-5031.00,Ship Engineers,PACKAGING_AND_GOODS_TRANSPORTATION
53-6011.00,Bridge and Lock Tenders,PASSENGER_TRANSPORTATION
53-6021.00,Parking Attendants,PASSENGER_TRANSPORTATION
53-6031.00,Automotive and Watercraft Service Attendants,RETAIL_TRADE
53-6041.00,Traffic Technicians,PASSENGER_TRANSPORTATION
53-6051.00,Transportation Inspectors,PASSENGER_TRANSPORTATION
53-6051.01,Aviation Inspectors,PASSENGER_TRANSPORTATION
53-6051.07,"Transportation Vehicle, Equipment and Systems Inspectors, Except Aviation",PASSENGER_TRANSPORTATION
53-6061.00,Passenger Attendants,PASSENGER_TRANSPORTATION
53-7011.00,Conveyor Operators and Tenders,MANUFACTURING
53-7021.00,Crane and Tower Operators,CONSTRUCTION
53-7031.00,Dredge Operators,CONSTRUCTION
53-7041.00,Hoist and Winch Operators,CONSTRUCTION
53-7051.00,Industrial Truck and Tractor Operators,PACKAGING_AND_GOODS_TRANSPORTATION
53-7061.00,Cleaners of Vehicles and Equipment,ADMINISTRATIVE_SUPPORT_WASTE_SERVICES
53-7062.00,"Laborers and Freight, Stock, and Material Movers, Hand",PACKAGING_AND_GOODS_TRANSPORTATION
53-7062.04,Recycling and Reclamation Workers,SPECIAL_INDUSTRIES
53-7063.00,Machine Feeders and Offbearers,MANUFACTURING
53-7064.00,"Packers and Packagers, Hand",PACKAGING_AND_GOODS_TRANSPORTATION
53-7065.00,Stockers and Order Fillers,PACKAGING_AND_GOODS_TRANSPORTATION
53-7071.00,Gas Compressor and Gas Pumping Station Operators,ENERGY
53-7072.00,"Pump Operators, Except Wellhead Pumpers",MANUFACTURING
53-7073.00,Wellhead Pumpers,MINING_OIL_GAS_EXTRACTION
53-7081.00,Refuse and Recyclable Material Collectors,SPECIAL_INDUSTRIES
53-7121.00,"Tank Car, Truck, and Ship Loaders",PACKAGING_AND_GOODS_TRANSPORTATION
11-1031.00,Legislators,GOVERNMENT
11-2032.00,Public Relations Managers,MEDIA_AND_COMMUNICATIONS_SERVICES
11-2033.00,Fundraising Managers,MANAGEMENT_CONSULTING_SERVICES
11-9039.00,"Education Administrators, All Other",EDUCATIONAL_SERVICES
11-9072.00,"Entertainment and Recreation Managers, Except Gambling",TRAVEL_AND_ENTERTAINMENT_SERVICES
11-9199.00,"Managers, All Other",MANAGEMENT
13-1020.00,Buyers and Purchasing Agents,ADMINISTRATIVE_SUPPORT_WASTE_SERVICES
13-1082.00,Project Management Specialists,MANAGEMENT_CONSULTING_SERVICES
13-1199.00,"Business Operations Specialists, All Other",MANAGEMENT_CONSULTING_SERVICES
13-2020.00,Property Appraisers and Assessors,REAL_ESTATE_RENTAL_LEASING
13-2051.00,Financial and Investment Analysts,FINANCE_AND_INSURANCE
13-2054.00,Financial Risk Specialists,FINANCE_AND_INSURANCE
13-2099.00,"Financial Specialists, All Other",FINANCE_AND_INSURANCE
15-1252.00,Software Developers,TECHNOLOGY_AND_SOFTWARE_DEVELOPMENT
15-1255.00,Web and Digital Interface Designers,TECHNOLOGY_AND_SOFTWARE_DEVELOPMENT
15-1299.00,"Computer Occupations, All Other",TECHNOLOGY_AND_SOFTWARE_DEVELOPMENT
15-2051.00,Data Scientists,TECHNOLOGY_AND_SOFTWARE_DEVELOPMENT
15-2099.00,"Mathematical Science Occupations, All Other",SCIENTIFIC_RESEARCH_AND_DEVELOPMENT
17-2199.00,"Engineers, All Other",ARCHITECTURAL_ENGINEERING_SERVICES
17-3029.00,"Engineering Technologists and Technicians, Except Drafters, All Other",ARCHITECTURAL_ENGINEERING_SERVICES
19-1029.00,"Biological Scientists, All Other",SCIENTIFIC_RESEARCH_AND_DEVELOPMENT
19-1099.00,"Life Scientists, All Other",SCIENTIFIC_RESEARCH_AND_DEVELOPMENT
19-2099.00,"Physical Scientists, All Other",SCIENTIFIC_RESEARCH_AND_DEVELOPMENT
19-3039.00,"Psychologists, All Other",HEALTHCARE
19-3099.00,"Social Scientists and Related Workers, All Other",SCIENTIFIC_RESEARCH_AND_DEVELOPMENT
19-4099.00,"Life, Physical, and Social Science Technicians, All Other",SCIENTIFIC_RESEARCH_AND_DEVELOPMENT
21-1018.00,"Substance Abuse, Behavioral Disorder, and Mental Health Counselors",HEALTHCARE
21-1029.00,"Social Workers, All Other",HEALTHCARE
21-1099.00,"Community and Social Service Specialists, All Other",HEALTHCARE
23-2099.00,"Legal Support Workers, All Other",LEGAL_SERVICES
25-1199.00,"Postsecondary Teachers, All Other",EDUCATIONAL_SERVICES
25-2052.00,"Special Education Teachers, Kindergarten and Elementary School",EDUCATIONAL_SERVICES
25-2059.00,"Special Education Teachers, All Other",EDUCATIONAL_SERVICES
25-3031.00,"Substitute Teachers, Short-Term",EDUCATIONAL_SERVICES
25-3099.00,"Teachers and Instructors, All Other",EDUCATIONAL_SERVICES
25-9045.00,"Teaching Assistants, Except Postsecondary",EDUCATIONAL_SERVICES
25-9099.00,"Educational Instruction and Library Workers, All Other",EDUCATIONAL_SERVICES
27-4099.00,"Media and Communication Equipment Workers, All Other",MEDIA_AND_COMMUNICATIONS_SERVICES
29-1029.00,"Dentists, All Other Specialists",HEALTHCARE
29-1129.00,"Therapists, All Other",HEALTHCARE
29-1212.00,Cardiologists,HEALTHCARE
29-1229.00,"Physicians, All Other",HEALTHCARE
29-1242.00,"Orthopedic Surgeons, Except Pediatric",HEALTHCARE
29-1249.00,"Surgeons, All Other",HEALTHCARE
29-1299.00,"Healthcare Diagnosing or Treating Practitioners, All Other",HEALTHCARE
29-2010.00,Clinical Laboratory Technologists and Technicians,HEALTHCARE
29-2042.00,Emergency Medical Technicians,HEALTHCARE
29-2043.00,Paramedics,HEALTHCARE
29-2072.00,Medical Records Specialists,HEALTHCARE
29-2099.00,"Health Technologists and Technicians, All Other",HEALTHCARE
29-9021.00,Health Information Technologists and Medical Registrars,HEALTHCARE
29-9099.00,"Healthcare Practitioners and Technical Workers, All Other",HEALTHCARE
31-1120.00,Home Health and Personal Care Aides,HEALTHCARE
31-9099.00,"Healthcare Support Workers, All Other",HEALTHCARE
33-1091.00,First-Line Supervisors of Security Workers,ADMINISTRATIVE_SUPPORT_WASTE_SERVICES
33-1099.00,"First-Line Supervisors of Protective Service Workers, All Other",ADMINISTRATIVE_SUPPORT_WASTE_SERVICES
33-9094.00,School Bus Monitors,PASSENGER_TRANSPORTATION
35-2019.00,"Cooks, All Other",TRAVEL_AND_ENTERTAINMENT_SERVICES
35-9099.00,"Food Preparation and Serving Related Workers, All Other",TRAVEL_AND_ENTERTAINMENT_SERVICES
39-1014.00,"First-Line Supervisors of Entertainment and Recreation Workers, Except Gambling Services",TRAVEL_AND_ENTERTAINMENT_SERVICES
39-3019.00,"Gambling Service Workers, All Other",TRAVEL_AND_ENTERTAINMENT_SERVICES
39-4012.00,Crematory Operators,SPECIAL_INDUSTRIES
39-7010.00,Tour and Travel Guides,TRAVEL_AND_ENTERTAINMENT_SERVICES
39-9099.00,"Personal Care and Service Workers, All Other",ADMINISTRATIVE_SUPPORT_WASTE_SERVICES
41-3091.00,"Sales Representatives of Services, Except Advertising, Insurance, Financial Services, and Travel",RETAIL_TRADE
41-9099.00,"Sales and Related Workers, All Other",RETAIL_TRADE
43-3099.00,"Financial Clerks, All Other",FINANCE_AND_INSURANCE
43-4199.00,"Information and Record Clerks, All Other",ADMINISTRATIVE_SUPPORT_WASTE_SERVICES
43-9199.00,"Office and Administrative Support Workers, All Other",ADMINISTRATIVE_SUPPORT_WASTE_SERVICES
45-4029.00,"Logging Workers, All Other",AGRICULTURE_FORESTRY_FISHING_HUNTING
47-3019.00,"Helpers, Construction Trades, All Other",CONSTRUCTION
49-9069.00,"Precision Instrument and Equipment Repairers, All Other",MANUFACTURING
49-9099.00,"Installation, Maintenance, and Repair Workers, All Other",ADMINISTRATIVE_SUPPORT_WASTE_SERVICES
51-2028.00,"Electrical, Electronic, and Electromechanical Assemblers, Except Coil Winders, Tapers, and Finishers",MANUFACTURING
51-2090.00,Miscellaneous Assemblers and Fabricators,MANUFACTURING
51-3099.00,"Food Processing Workers, All Other",MANUFACTURING
51-4199.00,"Metal Workers and Plastic Workers, All Other",MANUFACTURING
51-6099.00,"Textile, Apparel, and Furnishings Workers, All Other",MANUFACTURING
51-7099.00,"Woodworkers, All Other",MANUFACTURING
51-8099.00,"Plant and System Operators, All Other",MANUFACTURING
51-9199.00,"Production Workers, All Other",MANUFACTURING
53-1047.00,"First-Line Supervisors of Transportation and Material Moving Workers, Except Aircraft Cargo Handling Supervisors",PACKAGING_AND_GOODS_TRANSPORTATION
53-3051.00,"Bus Drivers, School",PASSENGER_TRANSPORTATION
53-3053.00,Shuttle Drivers and Chauffeurs,PASSENGER_TRANSPORTATION
53-3099.00,"Motor Vehicle Operators, All Other",PASSENGER_TRANSPORTATION
53-6032.00,Aircraft Service Attendants,PASSENGER_TRANSPORTATION
53-7199.00,"Material Moving Workers, All Other",PACKAGING_AND_GOODS_TRANSPORTATION
11-9179.00,"Personal Service Managers, All Other",ADMINISTRATIVE_SUPPORT_WASTE_SERVICES
17-3028.00,Calibration Technologists and Technicians,MANUFACTURING
21-1019.00,"Counselors, All Other",HEALTHCARE
27-1019.00,"Artists and Related Workers, All Other",MEDIA_AND_COMMUNICATIONS_SERVICES
27-3099.00,"Media and Communication Workers, All Other",MEDIA_AND_COMMUNICATIONS_SERVICES
29-1214.00,Emergency Medicine Physicians,HEALTHCARE
33-9099.00,"Protective Service Workers, All Other",ADMINISTRATIVE_SUPPORT_WASTE_SERVICES
37-3019.00,"Grounds Maintenance Workers, All Other",ADMINISTRATIVE_SUPPORT_WASTE_SERVICES
47-4090.00,Miscellaneous Construction and Related Workers,CONSTRUCTION
47-5049.00,"Underground Mining Machine Operators, All Other",MINING_OIL_GAS_EXTRACTION
47-5099.00,"Extraction Workers, All Other",MINING_OIL_GAS_EXTRACTION
53-6099.00,"Transportation Workers, All Other",PACKAGING_AND_GOODS_TRANSPORTATION
17-3019.00,"Drafters, All Other",ARCHITECTURAL_ENGINEERING_SERVICES
19-4044.00,Hydrologic Technicians,SCIENTIFIC_RESEARCH_AND_DEVELOPMENT
21-2099.00,"Religious Workers, All Other",SPECIAL_INDUSTRIES
25-1069.00,"Social Sciences Teachers, Postsecondary, All Other",EDUCATIONAL_SERVICES
27-1029.00,"Designers, All Other",ARCHITECTURAL_ENGINEERING_SERVICES
27-2091.00,"Disc Jockeys, Except Radio",TRAVEL_AND_ENTERTAINMENT_SERVICES
27-2099.00,"Entertainers and Performers, Sports and Related Workers, All Other",TRAVEL_AND_ENTERTAINMENT_SERVICES
29-1243.00,Pediatric Surgeons,HEALTHCARE
45-2099.00,"Agricultural Workers, All Other",AGRICULTURE_FORESTRY_FISHING_HUNTING
53-3054.00,Taxi Drivers,PASSENGER_TRANSPORTATION
37-2019.00,"Building Cleaning Workers, All Other",ADMINISTRATIVE_SUPPORT_WASTE_SERVICES
27-4015.00,Lighting Technicians,TRAVEL_AND_ENTERTAINMENT_SERVICES
39-3099.00,"Entertainment Attendants and Related Workers, All Other",TRAVEL_AND_ENTERTAINMENT_SERVICES
43-2099.00,"Communications Equipment Operators, All Other",MEDIA_AND_COMMUNICATIONS_SERVICES
53-4099.00,"Rail Transportation Workers, All Other",PACKAGING_AND_GOODS_TRANSPORTATION
